V3pwK+7b+9LJ+g	http://i00.i.aliimg.com/photo/v0/730040420/Pallet_transportation_bogie_mounted_on_railways.jpg_140x140.jpg
kZX+VfuUdHu47w	http://sphotos-a.xx.fbcdn.net/hphotos-ash3/c312.0.403.403/p403x403/68189_150457325006407_7415077_n.jpg
l+x9rZxV3VLLrQ	http://www.latimes.com/media/thumbnails/story/2006-12/24725144.jpg
Vfy+GY1eZHKHEg	http://sphotos-a.xx.fbcdn.net/hphotos-ash3/s320x320/75713_10150309303910112_3656003_n.jpg
IG1WJiKJX8a2UA	http://tw.bid.yimg.com/ac/ad/da/d81232352-ac-1780xf5x0600x0415-s.jpg
cIjyMz2GMMTDrQ	http://sphotos-a.xx.fbcdn.net/hphotos-frc1/c0.82.851.315/p851x315/478388_10200747706070817_1537493871_o.jpg
/bfdjCNYWN7W6Q	http://thumbs1.ebaystatic.com/m/mUZSHVbQZB2ShC0CpGuOuqQ/140.jpg
N38W7rkIGnOsnw	http://sphotos-a.xx.fbcdn.net/hphotos-snc7/c0.0.403.403/p403x403/386277_382957261776962_1017036941_n.jpg
1uvf2R0e1tWDNg	http://profile-a.xx.fbcdn.net/hprofile-snc6/275884_100001338893017_3699644_q.jpg
D9GlviHi3/pLfg	http://ad.doubleclick.net/ad/ta.ta.com.s/na.us.me.rockport;price=economy;PageType=ShowUserReviewsHotels;PlaceType=Accommodation;pool=X;kw=Glen+Cove+Inn+%26+Suites;pos=bottom;geo=40841;detail=269601;rd=com;hname=Glen+Cove+Inn+%26+Suites;gname=Rockport;link=%2FCommerce%3Fp%3DHotelsCom2%26src%3D34543488%26geo%3D269601%26matchID%3D1%26from%3DShowUserReviewsHotels%26area%3DCPM%26oos%3D0%26silo%3D8558%26bucket%3D92149%26ubucket%3D8019%26isrvs%3Dy%26nrank%3D1%26clt%3DS%26ttype%3DHotel%26nt%3D1;sz=300X250;tile=3;slice=meta_ui_slice3;u=ShowUserReviewsHotels%7CX%7Cmeta_ui_slice3%7C40841%7Cbottom%7C269601;brand=none;sub_brand=none;ord=80640409?
+BvFodPQE9jX/A	http://ad.doubleclick.net/ad/kij.ca.carsvehicles/cars_trucks;province=ontario;city=barrie;l2=cars_trucks;reg_user=n;tile=2;sz=160x600;pos=top;pos=bottom;ord=13e25372f62.a20b2cf.2416a.ffffffff?
mFe9IOG45ECHkg	http://thumbs2.ebaystatic.com/m/mYDBBb063kvogeZlGhN6FHg/140.jpg
th53yl3im+TFug	http://i4.ytimg.com/vi/Cz_Mm6fBAmU/hqdefault.jpg?feature=og
J1/gjGGgH/Wojg	http://ad.doubleclick.net/ad/imdb2.consumer.name/maindetails;tile=4;sz=728x90,1008x150,1008x200,1008x66,1008x30,970x250,9x1;p=t;p=top;ct=de;id=nm1519941;fv=1;ka=0;ord=299723402122?
+twqSq40AI34dg	http://a0.twimg.com/profile_images/1550190632/DSCN0354.JPG
zh1obrXt3U73lw	http://i1.ytimg.com/vi/xdusBOIoook/default.jpg
roBhf8TYv1Cp9g	http://thumbs3.ebaystatic.com/pict/2711720881344040001_1.jpg
BoN42jKqL9lWMw	http://profile.ak.fbcdn.net/hprofile-ak-frc1/c31.31.391.391/s160x160/484227_3803442703405_1427850500_n.jpg
590ztKDp0F6vAA	http://thumbnail.image.rakuten.co.jp/@0_mall/f-forest/cabinet/syouhin/shirozangi_03.jpg?_ex=200x200&s=0&r=1
3cvSHcjMutax1g	http://img.auctiva.com/imgdata/1/7/1/7/9/8/1/webimg/630327906_tp.jpg
6C6QeAO1mZiShw	http://www.cancerresearchuk.org/prod_consump/groups/cr_common/@cah/@gen/documents/image/crukmig_1000img-12172.jpg
0mpMjZtgmRy8xg	https://sphotos-b.xx.fbcdn.net/hphotos-ash3/c64.0.403.403/p403x403/542803_519650611406502_498277386_n.jpg
EV4/QakxwnG1dA	http://i4.ytimg.com/vi/7Y0h7HFL3AI/maxresdefault.jpg?feature=og
/mvfW30GlKtGzA	http://profile.ak.fbcdn.net/hprofile-ak-ash4/371066_100004085344179_722429376_q.jpg
Sc13hAcHU28sFg	http://farm4.staticflickr.com/3240/5855914893_2c9e99a227_m.jpg
+vpd4Epy13YWYQ	http://sphotos-g.ak.fbcdn.net/hphotos-ak-ash3/s320x320/522037_238881122915103_1905558332_n.jpg
GKChMtXobx600A	http://i3.ytimg.com/vi/jfCfynUEtcQ/hqdefault.jpg?feature=og
0COJq4VJXUbREA	http://profile.ak.fbcdn.net/hprofile-ak-ash3/c26.26.327.327/s160x160/164551_139375932786990_4137261_n.jpg
66xt6DAIE+1Ldg	http://profile.ak.fbcdn.net/hprofile-ak-snc6/186535_100001659694588_3155679_q.jpg
NTPX2mv+Ik4TEg	http://i1157.photobucket.com/albums/p581/hhlong89/vnsony/a954b6e1.jpg
4QBWqxdE6j4GrQ	http://i.ebayimg.com/00/s/NjcxWDY3MQ==/z/Y9UAAOxy9eVRWk5l/$T2eC16d,!)0E9s37HlURBRWk5k70Cw~~60_35.JPG
ZKhvfKyTjPSJaQ	http://m3.licdn.com/mpr/pub/image-d62u-1_SRDbowCIEheYodL43P1J_7EXvW621dc_sPMekangXd621CzISPj-ZDmpKTczn/zakaria-wangila.jpg
6ws1fq4/M6V67g	http://static.infohostal.com/img/pt/lisbon/hotelflamingo/hotelflamingo_thumb_809.jpg
eA8VJOn5O44xEQ	http://sphotos-b.xx.fbcdn.net/hphotos-ash3/c0.169.851.315/p851x315/861395_376503812446980_1784909093_o.jpg
54E+S2QerFNC7w	http://imgc.classistatic.com/cps/poc/121201/943r1/160488d_27.jpeg
2CWcPZLlphhPRA	http://i2.ytimg.com/vi/AhR81MCpvvI/default.jpg
3iUQNfaR0l0usQ	http://profile.ak.fbcdn.net/hprofile-ak-snc7/s32x32/372927_249131695139459_32869156_q.jpg
X7rvjRbzkYA9pw	http://sphotos-f.ak.fbcdn.net/hphotos-ak-ash4/p206x206/428517_505663999480617_1275278133_n.jpg
/h9LMb42E7KwIA	http://idata.over-blog.com/3/18/92/69/Jared-Leto.com/Jared-leto-.com-2/115.jpg
5/2tIRdv8i0RIw	http://farm3.staticflickr.com/2641/4191795819_29ab5cdb88_m.jpg
n+7VsGGBFha5HA	http://profile.ak.fbcdn.net/hprofile-ak-prn1/s32x32/174510_100000558724873_3289222_q.jpg
2uqe7W+VTryBLA	http://www.yam-mag.com/wp-content/uploads/2012/10/DSC_0086.jpg
WkEQPKNe9Cd0IQ	http://thumbnail.image.rakuten.co.jp/@0_mall/azureride/cabinet/img56911017.jpg?_ex=200x200&s=0&r=1
2/vuaF0J+rPjbg	http://ad.doubleclick.net/ad/hw.fp/details;temp=plandetail;pos=skyscraper1;sz=120x600,160x600;divid=3;tile=3;ord=0.662569761584778?
5r+1X7heODKQWg	http://a0.twimg.com/profile_images/2496488798/filmpjes_20014_normal.JPG
///jTUav82a6Ug	http://ad.doubleclick.net/ad/ta.ta.com.s/as.indonesia.bali.ubud;PageType=ShowUserReviewsRestaurants;PlaceType=Eatery;pool=A;kw=Naughty+Nuri%27s+Warung+and+Grill;geo=297701;detail=1077574;rd=com;hname=Naughty+Nuri%27s+Warung+and+Grill;gname=Ubud;sz=728X90%2C970X66;tile=1;slice=rev_test_10;u=ShowUserReviewsRestaurants%7CA%7Crev_test_10%7C297701%7C-NOT-DEFINED-%7C1077574;ord=39340853?
3+NHKOjUUhKLLw	http://sphotos-a.xx.fbcdn.net/hphotos-prn1/13222_139945849499699_1427530951_n.jpg
dBQMIGWDb3s65Q	http://media-cache-ec2.pinimg.com/192x/a9/19/f9/a919f910dcb015873d208e73c1fbff60.jpg
/SEdo7B8xYQ/5g	http://ad.doubleclick.net/ad/ta.ta.com.s/as.philippines;PageType=Hotels;PlaceType=GeographicLocation;pool=X;pos=bottom;geo=674645;detail=0;rd=com;hname=Siargao+Island;gname=Mindanao;sz=300X250;tile=3;slice=rev_test_1;u=Hotels%7CX%7Crev_test_1%7C674645%7Cbottom%7C0;ord=51079452?
QU//N4tzErvfxg	http://profile.ak.fbcdn.net/hprofile-ak-ash3/c289.22.272.272/s160x160/548840_296265610479178_1453184025_n.jpg
1+cfSRAUNsPyfQ	http://i.ebayimg.com/00/s/MzA2WDQwOA==/$T2eC16Z,!)kE9s4,BDg,BRIjHP3YQ!~~48_20.JPG
Y7d11LberQPZLw	https://fbcdn-profile-a.akamaihd.net/hprofile-ak-snc6/276889_333524793423945_1684197497_q.jpg
sw72hTi8QR2jAA	http://sphotos-c.ak.fbcdn.net/hphotos-ak-prn1/r90/p480x480/562210_219733461471363_1093773070_n.jpg
R6rLmiafEXO8HQ	http://thumbs1.ebaystatic.com/m/m84ruGafPHveHuOP_pXZR-A/96.jpg
3vJMWpjAB0hPqQ	http://ad.doubleclick.net/ad/ta.ta.com.s/eu.ireland;PageType=ShowUserReviewsAttractions;PlaceType=Attraction;pool=B;kw=Limerick+Greyhound+Stadium;pos=bottom;geo=186621;detail=216512;rd=com;hname=Limerick+Greyhound+Stadium;gname=Limerick;sz=300X250;tile=3;u=ShowUserReviewsAttractions%7CB%7C-NOT-DEFINED-%7C186621%7Cbottom%7C216512;ord=77289750?
CFCaY/MIy6gMmw	http://profile.ak.fbcdn.net/hprofile-ak-snc6/211516_100002165376186_592498594_q.jpg
0yWJ6oqoRSoGQA	http://www.jjgirls.com/photo/bellaspice/lazonamodelos-bella-pink/317099/images/BellaSpice14.jpg
mzpVaUnpY2DElg	http://api.ning.com/files/MRqZKa1bua0y*2ABnTeb6TCHG9lsRzNHap*ASXnQnjplLMpyNqnqBv-WXn8Jz0S8jCnrcOm0lCVv6DntJLubSymMHr5JNTS8/261593_247595615251934_100000044930388_1078524_5018416_n.jpg?width=139&height=93
5846FFXEhmOHWQ	http://mw2.google.com/mw-panoramio/photos/square/31538607.jpg
Himm/Bp6M0ea7Q	http://fl1.shopmania.org/files/p/ro/m/100/balsam-de-buze-ingrijire-de-baza-44-stick~8905100.jpg
50qimhr2s7HVjQ	https://homepage-creator.telekom.de/imageprocessor/processor.cls/CMTOI/cm4all/com/widgets/PhotoToi/11/07/14/87/13b4232ae7d/scale_120_0/13b4232ae7d
GcxxIik6/myOwg	http://external.ak.fbcdn.net/safe_image.php?d=AQC7XPcoxAQfCeqw&w=155&h=114&url=https%3A%2F%2Flh6.ggpht.com%2FSQatMyoNkLfXq22JlgNyiIbxX4PDy-9GcU250AvgldMlcjyA29iqLEUCNdRycZZG7Yo%3Dw705
4lLyXllw3HY9YQ	http://ad.doubleclick.net/ad/imdb2.consumer.name/awards;tile=1;sz=728x90,2x1;p=b;ct=com;id=nm0061629;fv=1;ka=0;ord=925949484425?
S4qy6/zlcVAfCw	http://profile.ak.fbcdn.net/hprofile-ak-prn1/c115.37.460.460/s160x160/155437_146076112106580_3482104_n.jpg
1wohkOxkuNbGQw	http://d3j5vwomefv46c.cloudfront.net/photos/mini/660023104.jpg?1348250262
ouapURnBoprU7w	http://www.zappos.com/images/z/3/9/9/1/3/8/399138-t-THUMBNAIL.jpg
sHwixJwPnjlhRA	http://sphotos-a.xx.fbcdn.net/hphotos-prn1/s720x720/69036_471298332943089_2039340269_n.jpg
0sA7X9Xzx2FJfg	http://d3j5vwomefv46c.cloudfront.net/photos/large/460328220.jpg
2uAI5bpn7q8ShQ	http://sphotos-a.xx.fbcdn.net/hphotos-snc7/c0.0.403.403/p403x403/574968_384895638284036_2002529971_n.jpg
G41N4Ob/yGo2rQ	http://i2.ytimg.com/vi/EedizZlJJdo/mqdefault.jpg
Cw/DFs49WhBAJg	http://www.rauantiques.com/images/products/29-3778/traditional/detail/29-3778_5.jpg
5GunZXxmWoIBCA	http://farm9.staticflickr.com/8458/8036244431_a06ef7209a_b.jpg
0A40aIZdOllmTQ	http://www.maisfutebol.iol.pt/multimedia/oratvi/multimedia/imagem/id/13631676/1x1
2Uihe5v8agtwjA	http://i3.ytimg.com/vi/Zx6aHf_K89s/hqdefault.jpg?feature=og
2sSRyTpl3ShVig	http://i1.ytimg.com/vi/PFzSzXtXhg8/mqdefault.jpg
7TBQw9juWWE2Fw	http://img3.douban.com/view/photo/albumicon/public/p1664563896.jpg
d6euav50sEs0Ow	http://ad.doubleclick.net/ad/imdb2.consumer.name/;tile=3;sz=300x250,11x1;p=tr;p=tc;ct=com;id=nm2735292;fv=1;ka=0;ord=192341945682?
bkEr74ttY1c1KA	http://ad.doubleclick.net/ad/ta.ta.com.s/na.us.fl.destin;price=midlevel;star=4;PageType=LocationPhotoDirectLink;PlaceType=Accommodation;pool=X;kw=Sandestin+Golf+and+Beach+Resort;pos=top;geo=34614;detail=143664;forumid=36889173;rd=com;hname=Sandestin+Golf+and+Beach+Resort;gname=Sandestin;link=%2FCommerce%3Fp%3DHotelsCom2%26src%3D35059584%26geo%3D143664%26matchID%3D1%26from%3DLocationPhotoDirectLink%26area%3DCPM%26oos%3D0%26silo%3D8558%26bucket%3D92149%26ubucket%3D8018%26isrvs%3Dy%26ttype%3DHotel%26nt%3D1;sz=300X250%2C300X600;tile=3;slice=p13n_control_2;u=LocationPhotoDirectLink%7CX%7Cp13n_control_2%7C34614%7Ctop%7C143664;brand=none;sub_brand=none;ord=52611860?
/ujOQA0kBQxezw	http://sphotos-b.xx.fbcdn.net/hphotos-ash3/p480x480/574902_542621242425055_1321464742_n.jpg
RWIW/RWzd+UPfA	http://www.ivstatic.com/files/et/imagecache/300/amber-tamblyn-wedding-dress.jpg
4kmReB7ewCKWHw	http://farm9.staticflickr.com/8251/8592488821_b09b6e901e_t.jpg
elr8ORo6SboBgg	http://a0.twimg.com/profile_images/3355675653/591623d049fc374b4331669c82009a43_normal.jpeg
/2vEK8b+EL93Yg	https://si0.twimg.com/profile_images/2283613060/image_normal.jpg
HRLueBtefYR1cA	http://stat.ameba.jp/user_images/20130414/19/heartlandhk/22/7d/j/t02200293_0240032012500330788.jpg
43bzncx933bp9w	http://mw2.google.com/mw-panoramio/photos/square/24610877.jpg
29DytEFkNbiZbQ	http://thumbnail.image.rakuten.co.jp/@0_mall/bluepeter/cabinet/01477501/01942241/img58499726.jpg?_ex=128x128
0XeNPFtdgaoSWA	http://images-jp.amazon.com/images/P/4888662576.01._SL110_.jpg
+j63HJNW9+Kn6Q	http://ad.doubleclick.net/ad/n6747.sailingworld/news;pos=x02;sz=88x31;topic=marine;remnant=yes;id=231775;kw=news,mid-atlantic;tile=6;ord=2972873753?
1FHUzqQST+yVRA	http://i4.ytimg.com/vi/SJlWSN86Y9Q/maxresdefault.jpg
+meZN63FaY3/6w	http://photos.modelmayhem.com/photos/110128/21/4d43a867400cb_m.jpg
5va1zF8Vvccf5w	http://ep.yimg.com/ca/I/yhst-47769117039044_2244_98740784
1q/G1QeU0prfCA	http://img80.imageshack.us/img80/7885/gtavcenforcer2ts1.th.jpg
1nWvNt6dKsCO7A	http://viajar.elperiodico.com/var/viajar/storage/images/media/imagenes-y-videos/redescubrir-el-paraiso-en-las-islas-cook/634378-1-esl-ES/redescubrir-el-paraiso-en-las-islas-cook_listado_articulos.jpg
hU3a9Mf5EBL/ZQ	http://thumbs1.ebaystatic.com/pict/1409752104448080_1.jpg
3mpECEdrrLyl2w	http://i3.ytimg.com/vi/BxCzy35Evpg/hqdefault.jpg?feature=og
